순위,이름
1,지우
2,서윤
3,서준
4,민준
5,도윤
6,서연
7,하윤
8,시우
9,연우
10,민서
11,주원
12,지호
13,지안
14,서현
15,하준
16,예준
17,지민
18,하은
19,윤서
20,서진
21,지후
22,지유
23,지원
24,도현
25,은우
26,선우
27,채원
28,준우
29,수아
30,준서
31,지아
32,시윤
33,지윤
34,우진
35,서우
36,하율
37,서아
38,현우
39,건우
40,은서
41,다은
42,지훈
43,수현
44,하린
45,유준
46,예린
47,시현
48,소율
49,수빈
50,지율
51,유진
52,예은
53,이준
54,현서
55,유나
56,이안
57,소윤
58,예원
59,민재
60,서율
61,시은
62,시아
63,아린
64,윤아
65,윤우
66,채은
67,정우
68,예나
69,현준
70,아인
71,수민
72,아윤
73,다온
74,예서
75,이현
76,수호
77,유주
78,승현
79,서하
80,하진
81,시온
82,유찬
83,승우
84,가은
85,다인
86,주아
87,예진
88,서영
89,연서
90,유빈
91,민지
92,지환
93,채윤
94,율
95,우주
96,준혁
97,수연
98,나은
99,시후
100,시연
101,서은
102,진우
103,승민
104,이서
105,채아
106,하연
107,나윤
108,민성
109,하람
110,은호
111,다연
112,재이
113,재윤
114,시원
115,하랑
116,다현
117,준영
118,유하
119,태윤
120,한결
